{
  "rmse": 3.5733915435338934,
  "mae": 1.1272362373678952,
  "r2": 0.909781243376205
}