{
  "auc": 0.9999573547478627,
  "accuracy": 0.9792476647311285
}