{
  "rmse": 70.91406834639021,
  "mae": 2.374319815826375,
  "r2": -34.53042726318994
}