{
  "auc": 0.9786209537451658,
  "accuracy": 0.9792476647311285
}